{"K": [[205.24532978049575, 0.0, 318.9682433390307], [0.0, 273.7528950856605, 239.22519194679728], [0.0, 0.0, 1.0]], "D": [[-0.014415651776375467], [0.0003231731264137581], [-0.0021461900403917816], [0.0003263486095411045]], "DIM": [640, 480], "RVEC": [[[-0.16175270210742165], [0.08855888636426518], [-2.222593142360275]], [[-1.1425939530586882], [-0.49950500317309743], [-2.4682627668418857]], [[-1.1868251630867417], [-0.8049694050256412], [-2.242087102209574]], [[0.5400536718448445], [-0.4001017501240924], [-2.3372887105471345]], [[0.040249590174393154], [0.2273015473791908], [-2.2368622105359837]], [[0.14618550988822573], [-0.47155072613758736], [-2.210470855674175]], [[-0.9637502415022156], [0.4822973174283383], [-1.7976506715919236]], [[0.3267762088827924], [0.5280380228666296], [-1.8547582152998787]], [[-0.5362835604286488], [0.4295488382312623], [-2.070972628449878]], [[0.05005470988704146], [-0.1440900709299005], [-2.2233459893354777]], [[-0.3806174880621518], [-0.5617773368099854], [-2.286458700985687]], [[-0.05877435371552985], [0.2028281529248184], [-2.230747284399263]], [[-0.6659610681916117], [-0.40106803804850033], [-1.6564023340945553]], [[-0.2584918817496027], [0.038071893253967246], [-2.0273310538361486]], [[-0.8554357209499207], [-0.41256647700350363], [-2.157170036212978]], [[-0.9317952355286228], [-0.505775310550825], [-1.5721911393965669]], [[-0.6354341114100243], [-0.8264899196510738], [-2.2698810610118034]], [[-0.011541757316936655], [-0.059446100070699844], [-2.2662025936960535]], [[0.21574774059491778], [-1.1595677038409153], [-2.1120270821373177]], [[-0.5505904497082988], [0.7127010088746258], [-1.711663903118261]], [[0.05096535792287482], [-0.08385899478534983], [-1.7330892442204398]], [[0.4061292648133134], [-0.9842542499363789], [-1.7358125702718923]], [[0.1254349272551831], [-0.7780972165646939], [-2.1637897439419316]], [[-0.1566132442712276], [-0.156433618606485], [-2.3100907785745335]], [[0.47003992876470346], [-0.7969821506923019], [-1.7559308150060757]], [[-0.1371425309338847], [-0.027253551650451638], [-2.429821160611167]], [[-0.9134965250557932], [-0.09123595360197054], [-2.2974832694529543]], [[-1.216413114931709], [-0.3972701832350409], [-2.240915157820815]], [[-1.0916604890199801], [-0.27964746687842823], [-2.3383094002327565]], [[-0.7100013651672158], [0.25829819508344587], [-2.17928322286708]], [[-0.3601185135771769], [0.1751211228231837], [-2.434582560934263]], [[-1.1000288635627602], [0.32267924110366103], [-1.8766618457670345]], [[-0.9900831573830478], [-0.3877628781728888], [-2.3608606987785]], [[-0.47896671132990676], [0.29730974847834657], [-2.2660784696108296]]]}