{"R_T_DICT": {"R": [[-0.11784058631717198, 0.7212155716115158, 0.6826138699744534], [-0.44517895330273666, 0.5760895417710099, -0.6855191750770709], [-0.887653815263983, -0.384667309667904, 0.2531832639021629]], "T": [-0.7824538807237402, 0.16436572799985033, -0.6006245349629318], "ERR": 6.271211675148634}}